{
  "HVIGOR_OHOS_PLUGIN": {
    "MODULES": [
      {
        "MODULE_NAME": "1043bfc77febe75fafec0c4309faccf1",
        "API_TYPE": "stageMode"
      }
    ],
    "BUILD_MODE": "debug",
    "USE_NORMALIZED_OHMURL": true
  },
  "HVIGOR": {
    "IS_INCREMENTAL": true,
    "IS_DAEMON": true,
    "IS_PARALLEL": true,
    "IS_HVIGORFILE_TYPE_CHECK": false,
    "TASK_TIME": {
      "1043bfc77febe75fafec0c4309faccf1": {
        "PreCheckSyscap": 632100,
        "PreviewProcessResource": 7316300,
        "PreviewCompileResource": 227253300,
        "PreviewHookCompileResource": 413900,
        "CopyPreviewProfile": 8858000,
        "ReplacePreviewerPage": 479800,
        "buildPreviewerResource": 284100,
        "PreviewUpdateAssets": 5899800,
        "PreviewArkTS": 12011710300,
        "PreviewBuild": 344600
      }
    },
    "TOTAL_TIME": 12746267000,
    "BUILD_ID": "202505291010156290"
  }
}