{"CACHE_SYNC_FILE_HASH":{"D:\\2025\\harmonyExperiment\\finalReport2\\hvigorfile.ts":"49f39e8f54083ad6585824629dfccd9d261ed0d83b87f352a58b72000f9a0169","D:\\2025\\harmonyExperiment\\finalReport2\\build-profile.json5":"5303edab139a4d302e5a387dcc199c3bee7a39e404e93746e7b3f255b91f3629","D:\\2025\\harmonyExperiment\\finalReport2\\entry\\build-profile.json5":"80f3552ade5c3b859cbf2552a71a70f0edc3000e531bf1b0ae3f2e31becc2e7f","D:\\2025\\harmonyExperiment\\finalReport2\\.hvigor\\outputs\\sync\\output.json":"57216ea91ce5788f4940b7f52c1636eddb3960857e1136354ca29563db4f0553","D:\\2025\\harmonyExperiment\\finalReport2\\entry\\oh-package.json5":"f817fe3ae9c327ee018d59fd194b9018eba770c53032722dcbf62bea4e12afd0","D:\\2025\\harmonyExperiment\\finalReport2\\oh-package.json5":"3926506bf0d2a4e998197c3782664b1e7c761f1a986a7dffad235057cc3d8c19","D:\\2025\\harmonyExperiment\\finalReport2\\entry\\hvigorfile.ts":"02ce5ff7cb7acae74bbcbe0f6602f3388871036c8c3a4346afb255837901edaa","SDK_LOCATION":"D:/2025/harmonyExperiment/harmonyTool/DevEco Studio/sdk","D:\\2025\\harmonyExperiment\\finalReport2\\hvigor\\hvigor-config.json5":"c91789ea28faee6ee4b6fe7ced1e960a8e65609a904695c18451c08dab2bb4f9"},"OHPM_INSTALL_FILE_HASH":{"D:\\2025\\harmonyExperiment\\finalReport2\\oh_modules":true,"D:\\2025\\harmonyExperiment\\finalReport2\\entry\\oh-package.json5":"f817fe3ae9c327ee018d59fd194b9018eba770c53032722dcbf62bea4e12afd0","D:\\2025\\harmonyExperiment\\finalReport2\\oh-package.json5":"3926506bf0d2a4e998197c3782664b1e7c761f1a986a7dffad235057cc3d8c19","D:\\2025\\harmonyExperiment\\finalReport2\\entry\\oh_modules":false,"D:\\2025\\harmonyExperiment\\finalReport2\\oh_modules\\.ohpm\\lock.json5":"8bf46774fcffb8e47f159b403237522e82f89093ecb3a08a2250c8415fafb77b"}}