{"deviceType":"phone","checkEntry":"true","localPropertiesPath":"D:\\2025\\harmonyExperiment\\finalReport2\\local.properties","Path":"D:\\2025\\harmonyExperiment\\harmonyTool\\DevEco Studio\\tools\\node\\","note":"false","aceProfilePath":"D:\\2025\\harmonyExperiment\\finalReport2\\entry\\.preview\\default\\intermediates\\res\\default\\resources\\base\\profile","isPreview":"true","hapMode":"false","buildMode":"debug","img2bin":"true","projectProfilePath":"D:\\2025\\harmonyExperiment\\finalReport2\\build-profile.json5","watchMode":"true","appResource":"D:\\2025\\harmonyExperiment\\finalReport2\\entry\\.preview\\default\\intermediates\\res\\default\\ResourceTable.txt","logLevel":"3","stageRouterConfig":{"contents":["{\"module\":{\"pages\":\"$profile:main_pages\",\"name\":\"entry\"}}","{\"src\":[\"pages/Login\",\"pages/Home\"]}"],"paths":["D:\\2025\\harmonyExperiment\\finalReport2\\entry\\.preview\\default\\intermediates\\res\\default\\module.json","D:\\2025\\harmonyExperiment\\finalReport2\\entry\\.preview\\default\\intermediates\\res\\default\\resources\\base\\profile\\main_pages.json"]},"port":"29908","aceBuildJson":"D:\\2025\\harmonyExperiment\\finalReport2\\entry\\.preview\\default\\intermediates\\loader\\default\\loader.json","aceModuleRoot":"D:\\2025\\harmonyExperiment\\finalReport2\\entry\\src\\main\\ets","aceSoPath":"D:\\2025\\harmonyExperiment\\finalReport2\\entry\\.preview\\cache\\nativeDependencies.txt","cachePath":"D:\\2025\\harmonyExperiment\\finalReport2\\entry\\.preview\\cache\\.default","aceModuleBuild":"D:\\2025\\harmonyExperiment\\finalReport2\\entry\\.preview\\default\\intermediates\\assets\\default\\ets","aceModuleJsonPath":"D:\\2025\\harmonyExperiment\\finalReport2\\entry\\.preview\\default\\intermediates\\res\\default\\module.json"}