{"D:\\2025\\harmonyExperiment\\finalReport2\\AppScope\\app.json5":{"hashValue":"044eebd96d7ce8083270bf0c0004b8fe","name":"app.json5","path":"D:\\2025\\harmonyExperiment\\finalReport2\\AppScope\\app.json5","type":"file","isSymbolicLink":false,"fileMetaData":{"size":219,"lastModifiedTime":1748481531914}},"D:\\2025\\harmonyExperiment\\finalReport2\\entry\\src\\main\\module.json5":{"hashValue":"ee447f4c5bc8c6447a66377f7c1aaf95","name":"module.json5","path":"D:\\2025\\harmonyExperiment\\finalReport2\\entry\\src\\main\\module.json5","type":"file","isSymbolicLink":false,"fileMetaData":{"size":1004,"lastModifiedTime":1748483910578}},"D:\\2025\\harmonyExperiment\\finalReport2\\build-profile.json5":{"hashValue":"1fe69866563e74c58880666bb9ef14ce","name":"build-profile.json5","path":"D:\\2025\\harmonyExperiment\\finalReport2\\build-profile.json5","type":"file","isSymbolicLink":false,"fileMetaData":{"size":756,"lastModifiedTime":1748481531900}},"D:\\2025\\harmonyExperiment\\finalReport2\\entry\\build-profile.json5":{"hashValue":"4260157be949a8e2c62b9d32f5b04153","name":"build-profile.json5","path":"D:\\2025\\harmonyExperiment\\finalReport2\\entry\\build-profile.json5","type":"file","isSymbolicLink":false,"fileMetaData":{"size":449,"lastModifiedTime":1748481531907}},"D:\\2025\\harmonyExperiment\\finalReport2\\entry\\src\\main\\resources\\base\\profile\\main_pages.json":{"hashValue":"f3702a4cc0a6421d88e2e0a72f3b66e6","name":"main_pages.json","path":"D:\\2025\\harmonyExperiment\\finalReport2\\entry\\src\\main\\resources\\base\\profile\\main_pages.json","type":"file","isSymbolicLink":false,"fileMetaData":{"size":54,"lastModifiedTime":1748483995872}},"D:\\2025\\harmonyExperiment\\finalReport2\\hvigor\\hvigor-config.json5":{"hashValue":"50fe62b04a7e164bcecf889d6b2b7873","name":"hvigor-config.json5","path":"D:\\2025\\harmonyExperiment\\finalReport2\\hvigor\\hvigor-config.json5","type":"file","isSymbolicLink":false,"fileMetaData":{"size":1323,"lastModifiedTime":1748481522113}},"D:\\2025\\harmonyExperiment\\finalReport2\\entry\\src\\mock\\mock-config.json5":{"hashValue":"d935563140528b1d1e4a4c3752872086","name":"mock-config.json5","path":"D:\\2025\\harmonyExperiment\\finalReport2\\entry\\src\\mock\\mock-config.json5","type":"file","isSymbolicLink":false,"fileMetaData":{"size":3,"lastModifiedTime":1748481522400}},"D:\\2025\\harmonyExperiment\\finalReport2\\entry\\oh-package.json5":{"hashValue":"4fc648e2ce1e435ec6d8150c18e3f72c","name":"oh-package.json5","path":"D:\\2025\\harmonyExperiment\\finalReport2\\entry\\oh-package.json5","type":"file","isSymbolicLink":false,"fileMetaData":{"size":183,"lastModifiedTime":1748481522218}},"D:\\2025\\harmonyExperiment\\finalReport2\\oh-package.json5":{"hashValue":"d32f2bce4cacc997b78428138e0a0a4e","name":"oh-package.json5","path":"D:\\2025\\harmonyExperiment\\finalReport2\\oh-package.json5","type":"file","isSymbolicLink":false,"fileMetaData":{"size":210,"lastModifiedTime":1748481531921}},"D:\\2025\\harmonyExperiment\\finalReport2\\entry\\.preview\\default\\intermediates\\merge_profile\\default\\module.json":{"hashValue":"940013010bda3f85dad6d61ef86c169f","name":"module.json","path":"D:\\2025\\harmonyExperiment\\finalReport2\\entry\\.preview\\default\\intermediates\\merge_profile\\default\\module.json","type":"file","isSymbolicLink":false,"fileMetaData":{"size":1220,"lastModifiedTime":1748483935615}},"D:\\2025\\harmonyExperiment\\finalReport2\\entry\\.preview\\default\\generated\\profile\\default\\BuildProfile.ets":{"hashValue":"937ff6078dd44597d152539ee1ef3539","name":"BuildProfile.ets","path":"D:\\2025\\harmonyExperiment\\finalReport2\\entry\\.preview\\default\\generated\\profile\\default\\BuildProfile.ets","type":"file","isSymbolicLink":false,"fileMetaData":{"size":867,"lastModifiedTime":1748483401534}},"D:\\2025\\harmonyExperiment\\finalReport2\\entry\\.preview\\default\\intermediates\\loader\\default\\pkgContextInfo.json":{"hashValue":"69afc298bd9e0e8f7a697122a53b3c35","name":"pkgContextInfo.json","path":"D:\\2025\\harmonyExperiment\\finalReport2\\entry\\.preview\\default\\intermediates\\loader\\default\\pkgContextInfo.json","type":"file","isSymbolicLink":false,"fileMetaData":{"size":444,"lastModifiedTime":1748483401563}},"D:\\2025\\harmonyExperiment\\finalReport2\\entry\\.preview\\default\\intermediates\\process_profile\\default\\module.json":{"hashValue":"bf2dc1bffe694db4da82e23da218e7e3","name":"module.json","path":"D:\\2025\\harmonyExperiment\\finalReport2\\entry\\.preview\\default\\intermediates\\process_profile\\default\\module.json","type":"file","isSymbolicLink":false,"fileMetaData":{"size":1306,"lastModifiedTime":1748483935809}},"D:\\2025\\harmonyExperiment\\finalReport2\\entry\\.preview\\default\\intermediates\\router_map\\default\\temp-router-map.json":{"hashValue":"d8c4c00b8bd248d73c857854bad2d082","name":"temp-router-map.json","path":"D:\\2025\\harmonyExperiment\\finalReport2\\entry\\.preview\\default\\intermediates\\router_map\\default\\temp-router-map.json","type":"file","isSymbolicLink":false,"fileMetaData":{"size":16,"lastModifiedTime":1748483935824}},"D:\\2025\\harmonyExperiment\\finalReport2\\entry\\.preview\\default\\intermediates\\router_map\\default\\loader-router-map.json":{"hashValue":"02336ce76c5c0a5c2e55d9f001125458","name":"loader-router-map.json","path":"D:\\2025\\harmonyExperiment\\finalReport2\\entry\\.preview\\default\\intermediates\\router_map\\default\\loader-router-map.json","type":"file","isSymbolicLink":false,"fileMetaData":{"size":16,"lastModifiedTime":1748483935824}},"D:\\2025\\harmonyExperiment\\finalReport2\\entry\\.preview\\default\\intermediates\\loader\\default\\loader.json":{"hashValue":"40cb1b40b5188807c3248933117dfb8e","name":"loader.json","path":"D:\\2025\\harmonyExperiment\\finalReport2\\entry\\.preview\\default\\intermediates\\loader\\default\\loader.json","type":"file","isSymbolicLink":false,"fileMetaData":{"size":859,"lastModifiedTime":1748483935881}},"D:\\2025\\harmonyExperiment\\finalReport2\\entry\\src\\main\\resources":{"hashValue":"f4d4b59d7ecf6c78a0dfa509558e2ce9","name":"resources","path":"D:\\2025\\harmonyExperiment\\finalReport2\\entry\\src\\main\\resources","type":"directory","isSymbolicLink":false,"children":[{"hashValue":"7c24f2ccae6e410741c3698b3358ab09","name":"base","path":"D:\\2025\\harmonyExperiment\\finalReport2\\entry\\src\\main\\resources\\base","type":"directory","isSymbolicLink":false,"children":[{"hashValue":"e6b9eef8d7a2f0bd07033351f5e4f70c","name":"element","path":"D:\\2025\\harmonyExperiment\\finalReport2\\entry\\src\\main\\resources\\base\\element","type":"directory","isSymbolicLink":false,"children":[{"hashValue":"76761833d8fb8cdb17dbd15484397945","name":"color.json","path":"D:\\2025\\harmonyExperiment\\finalReport2\\entry\\src\\main\\resources\\base\\element\\color.json","type":"file","isSymbolicLink":false,"fileMetaData":{"size":105,"lastModifiedTime":1748481522430}},{"hashValue":"04e8f33923a73546393c8b9d132ae2c1","name":"float.json","path":"D:\\2025\\harmonyExperiment\\finalReport2\\entry\\src\\main\\resources\\base\\element\\float.json","type":"file","isSymbolicLink":false,"fileMetaData":{"size":100,"lastModifiedTime":1748481522467}},{"hashValue":"20800dde7446acac8d64d97b3af5d70a","name":"string.json","path":"D:\\2025\\harmonyExperiment\\finalReport2\\entry\\src\\main\\resources\\base\\element\\string.json","type":"file","isSymbolicLink":false,"fileMetaData":{"size":245,"lastModifiedTime":1748483710958}}]},{"hashValue":"d7259b9bf3f10906492251b95d229e1a","name":"media","path":"D:\\2025\\harmonyExperiment\\finalReport2\\entry\\src\\main\\resources\\base\\media","type":"directory","isSymbolicLink":false,"children":[{"hashValue":"4866fec4580d2bdd3a73f93e50de4f3a","name":"background.png","path":"D:\\2025\\harmonyExperiment\\finalReport2\\entry\\src\\main\\resources\\base\\media\\background.png","type":"file","isSymbolicLink":false,"fileMetaData":{"size":91942,"lastModifiedTime":1748481522484}},{"hashValue":"c1f2ab5c05aad2e54289e96612f80703","name":"bg.jpg","path":"D:\\2025\\harmonyExperiment\\finalReport2\\entry\\src\\main\\resources\\base\\media\\bg.jpg","type":"file","isSymbolicLink":false,"fileMetaData":{"size":91942,"lastModifiedTime":1748481522484}},{"hashValue":"600ff7d2cec306a187a7e9032a90909b","name":"foreground.png","path":"D:\\2025\\harmonyExperiment\\finalReport2\\entry\\src\\main\\resources\\base\\media\\foreground.png","type":"file","isSymbolicLink":false,"fileMetaData":{"size":8805,"lastModifiedTime":1748481522495}},{"hashValue":"8460a8552bf065e87075ca25135168d5","name":"layered_image.json","path":"D:\\2025\\harmonyExperiment\\finalReport2\\entry\\src\\main\\resources\\base\\media\\layered_image.json","type":"file","isSymbolicLink":false,"fileMetaData":{"size":109,"lastModifiedTime":1748481522507}},{"hashValue":"32a6585be3d38127a719ae38f6ee0cab","name":"logo.png","path":"D:\\2025\\harmonyExperiment\\finalReport2\\entry\\src\\main\\resources\\base\\media\\logo.png","type":"file","isSymbolicLink":false,"fileMetaData":{"size":91942,"lastModifiedTime":1748481522484}},{"hashValue":"06f77f37eebc476c7e57b706f70014c7","name":"startIcon.png","path":"D:\\2025\\harmonyExperiment\\finalReport2\\entry\\src\\main\\resources\\base\\media\\startIcon.png","type":"file","isSymbolicLink":false,"fileMetaData":{"size":20093,"lastModifiedTime":1748481522524}}]},{"hashValue":"1f0e126de8959e69d4f6306cdda65caa","name":"profile","path":"D:\\2025\\harmonyExperiment\\finalReport2\\entry\\src\\main\\resources\\base\\profile","type":"directory","isSymbolicLink":false,"children":[{"hashValue":"6e316c0750fb96fd24d0d68aba6810b0","name":"backup_config.json","path":"D:\\2025\\harmonyExperiment\\finalReport2\\entry\\src\\main\\resources\\base\\profile\\backup_config.json","type":"file","isSymbolicLink":false,"fileMetaData":{"size":36,"lastModifiedTime":1748481522640}},{"hashValue":"f3702a4cc0a6421d88e2e0a72f3b66e6","name":"main_pages.json","path":"D:\\2025\\harmonyExperiment\\finalReport2\\entry\\src\\main\\resources\\base\\profile\\main_pages.json","type":"file","isSymbolicLink":false,"fileMetaData":{"size":54,"lastModifiedTime":1748483995872}}]}]},{"hashValue":"a0e35c76beea020cfc29f8e34b100315","name":"dark","path":"D:\\2025\\harmonyExperiment\\finalReport2\\entry\\src\\main\\resources\\dark","type":"directory","isSymbolicLink":false,"children":[{"hashValue":"e29d272b38379af68354ecee08adc8ba","name":"element","path":"D:\\2025\\harmonyExperiment\\finalReport2\\entry\\src\\main\\resources\\dark\\element","type":"directory","isSymbolicLink":false,"children":[{"hashValue":"43a704fe1e5e66250316da1a5726c26b","name":"color.json","path":"D:\\2025\\harmonyExperiment\\finalReport2\\entry\\src\\main\\resources\\dark\\element\\color.json","type":"file","isSymbolicLink":false,"fileMetaData":{"size":105,"lastModifiedTime":1748481522604}}]}]},{"hashValue":"","name":"rawfile","path":"D:\\2025\\harmonyExperiment\\finalReport2\\entry\\src\\main\\resources\\rawfile","type":"directory","isSymbolicLink":false,"children":[]}]},"D:\\2025\\harmonyExperiment\\finalReport2\\entry\\.preview\\default\\intermediates\\res\\default":{"hashValue":"3f1420a9789718bddfbfc60a84e13aae","name":"default","path":"D:\\2025\\harmonyExperiment\\finalReport2\\entry\\.preview\\default\\intermediates\\res\\default","type":"directory","isSymbolicLink":false,"children":[{"hashValue":"849ccec4bab06895df61c90e06bbe527","name":"app_compiled","path":"D:\\2025\\harmonyExperiment\\finalReport2\\entry\\.preview\\default\\intermediates\\res\\default\\app_compiled","type":"directory","isSymbolicLink":false,"children":[{"hashValue":"a8ad89536267393d0fa2bf2f3e23cec1","name":"12854150588180320969","path":"D:\\2025\\harmonyExperiment\\finalReport2\\entry\\.preview\\default\\intermediates\\res\\default\\app_compiled\\12854150588180320969","type":"file","isSymbolicLink":false,"fileMetaData":{"size":202,"lastModifiedTime":1748484616122}},{"hashValue":"b070088b1624a4a995831587e0a496f3","name":"16449482346329560291","path":"D:\\2025\\harmonyExperiment\\finalReport2\\entry\\.preview\\default\\intermediates\\res\\default\\app_compiled\\16449482346329560291","type":"file","isSymbolicLink":false,"fileMetaData":{"size":130,"lastModifiedTime":1748484616121}}]},{"hashValue":"b2ec291267b4d0926f58ea508bedc411","name":"ids_map","path":"D:\\2025\\harmonyExperiment\\finalReport2\\entry\\.preview\\default\\intermediates\\res\\default\\ids_map","type":"directory","isSymbolicLink":false,"children":[{"hashValue":"6c1141ebecbec6c7864b9fa4c31c20be","name":"id_defined.json","path":"D:\\2025\\harmonyExperiment\\finalReport2\\entry\\.preview\\default\\intermediates\\res\\default\\ids_map\\id_defined.json","type":"file","isSymbolicLink":false,"fileMetaData":{"size":1069,"lastModifiedTime":1748484616259}}]},{"hashValue":"326929822dcba678760171f67483afcc","name":"mock-config.json","path":"D:\\2025\\harmonyExperiment\\finalReport2\\entry\\.preview\\default\\intermediates\\res\\default\\mock-config.json","type":"file","isSymbolicLink":false,"fileMetaData":{"size":2,"lastModifiedTime":1748484008708}},{"hashValue":"62e70e5f47158fdb308935336dcd9282","name":"module_compiled","path":"D:\\2025\\harmonyExperiment\\finalReport2\\entry\\.preview\\default\\intermediates\\res\\default\\module_compiled","type":"directory","isSymbolicLink":false,"children":[{"hashValue":"2675c7b8654b442f22787e636ec578d0","name":"10778690479228555638","path":"D:\\2025\\harmonyExperiment\\finalReport2\\entry\\.preview\\default\\intermediates\\res\\default\\module_compiled\\10778690479228555638","type":"file","isSymbolicLink":false,"fileMetaData":{"size":236,"lastModifiedTime":1748484616170}},{"hashValue":"1ab9175db5f6177cd8a70c7aeb3bbdc3","name":"11742611060236500487","path":"D:\\2025\\harmonyExperiment\\finalReport2\\entry\\.preview\\default\\intermediates\\res\\default\\module_compiled\\11742611060236500487","type":"file","isSymbolicLink":false,"fileMetaData":{"size":196,"lastModifiedTime":1748484616167}},{"hashValue":"ac1428b0b0664d72952987b1c5f6e21c","name":"14999916191389691844","path":"D:\\2025\\harmonyExperiment\\finalReport2\\entry\\.preview\\default\\intermediates\\res\\default\\module_compiled\\14999916191389691844","type":"file","isSymbolicLink":false,"fileMetaData":{"size":153,"lastModifiedTime":1748484616172}},{"hashValue":"95519dbff0f4b8f576e0e8da7dc0c127","name":"15513532327264714193","path":"D:\\2025\\harmonyExperiment\\finalReport2\\entry\\.preview\\default\\intermediates\\res\\default\\module_compiled\\15513532327264714193","type":"file","isSymbolicLink":false,"fileMetaData":{"size":232,"lastModifiedTime":1748484616168}},{"hashValue":"a98e715fa3fa7cb59a3ac4112cd8e9f1","name":"1602696791628624582","path":"D:\\2025\\harmonyExperiment\\finalReport2\\entry\\.preview\\default\\intermediates\\res\\default\\module_compiled\\1602696791628624582","type":"file","isSymbolicLink":false,"fileMetaData":{"size":426,"lastModifiedTime":1748484616166}},{"hashValue":"5471a8e6d55f04fe4b150123f08c0907","name":"16125660863221661708","path":"D:\\2025\\harmonyExperiment\\finalReport2\\entry\\.preview\\default\\intermediates\\res\\default\\module_compiled\\16125660863221661708","type":"file","isSymbolicLink":false,"fileMetaData":{"size":227,"lastModifiedTime":1748484616170}},{"hashValue":"5290a20c77659f0c245c7a3e18e1c90e","name":"1634521793133372652","path":"D:\\2025\\harmonyExperiment\\finalReport2\\entry\\.preview\\default\\intermediates\\res\\default\\module_compiled\\1634521793133372652","type":"file","isSymbolicLink":false,"fileMetaData":{"size":217,"lastModifiedTime":1748484616169}},{"hashValue":"13608da5502aab4d2e264fccaff2467a","name":"16945112583103384879","path":"D:\\2025\\harmonyExperiment\\finalReport2\\entry\\.preview\\default\\intermediates\\res\\default\\module_compiled\\16945112583103384879","type":"file","isSymbolicLink":false,"fileMetaData":{"size":202,"lastModifiedTime":1748484616169}},{"hashValue":"380867b48dab832a6effe9b8f8e8d759","name":"2798595811098748427","path":"D:\\2025\\harmonyExperiment\\finalReport2\\entry\\.preview\\default\\intermediates\\res\\default\\module_compiled\\2798595811098748427","type":"file","isSymbolicLink":false,"fileMetaData":{"size":145,"lastModifiedTime":1748484616165}},{"hashValue":"f3351694a7bedb6aac24ce5d1be93bdb","name":"4621122549819346177","path":"D:\\2025\\harmonyExperiment\\finalReport2\\entry\\.preview\\default\\intermediates\\res\\default\\module_compiled\\4621122549819346177","type":"file","isSymbolicLink":false,"fileMetaData":{"size":220,"lastModifiedTime":1748484616167}},{"hashValue":"0935a50eae78a38ae33eaabd7cde9d30","name":"6413680289969170526","path":"D:\\2025\\harmonyExperiment\\finalReport2\\entry\\.preview\\default\\intermediates\\res\\default\\module_compiled\\6413680289969170526","type":"file","isSymbolicLink":false,"fileMetaData":{"size":220,"lastModifiedTime":1748484616168}},{"hashValue":"e44e035730dd4eeaa18b6635d6d9547f","name":"7539128459278672194","path":"D:\\2025\\harmonyExperiment\\finalReport2\\entry\\.preview\\default\\intermediates\\res\\default\\module_compiled\\7539128459278672194","type":"file","isSymbolicLink":false,"fileMetaData":{"size":138,"lastModifiedTime":1748484616165}}]},{"hashValue":"d9583f4e4d115978fc2e1bde995b8f37","name":"module.json","path":"D:\\2025\\harmonyExperiment\\finalReport2\\entry\\.preview\\default\\intermediates\\res\\default\\module.json","type":"file","isSymbolicLink":false,"fileMetaData":{"size":1308,"lastModifiedTime":1748484616344}},{"hashValue":"14eba03a9a03d4ff876658970b51ddec","name":"resources","path":"D:\\2025\\harmonyExperiment\\finalReport2\\entry\\.preview\\default\\intermediates\\res\\default\\resources","type":"directory","isSymbolicLink":false,"children":[{"hashValue":"6163078f66a1b678f22762c6eb29cbb0","name":"base","path":"D:\\2025\\harmonyExperiment\\finalReport2\\entry\\.preview\\default\\intermediates\\res\\default\\resources\\base","type":"directory","isSymbolicLink":false,"children":[{"hashValue":"d68ce06bf314a18151713be65aa9ec09","name":"media","path":"D:\\2025\\harmonyExperiment\\finalReport2\\entry\\.preview\\default\\intermediates\\res\\default\\resources\\base\\media","type":"directory","isSymbolicLink":false,"children":[{"hashValue":"8d56d86874e9f78aadeb7a01e6a5e2f4","name":"layered_image.json","path":"D:\\2025\\harmonyExperiment\\finalReport2\\entry\\.preview\\default\\intermediates\\res\\default\\resources\\base\\media\\layered_image.json","type":"file","isSymbolicLink":false,"fileMetaData":{"size":95,"lastModifiedTime":1748484616257}}]},{"hashValue":"02012e881e793e6ab3c49b317a48b906","name":"profile","path":"D:\\2025\\harmonyExperiment\\finalReport2\\entry\\.preview\\default\\intermediates\\res\\default\\resources\\base\\profile","type":"directory","isSymbolicLink":false,"children":[{"hashValue":"6e316c0750fb96fd24d0d68aba6810b0","name":"backup_config.json","path":"D:\\2025\\harmonyExperiment\\finalReport2\\entry\\.preview\\default\\intermediates\\res\\default\\resources\\base\\profile\\backup_config.json","type":"file","isSymbolicLink":false,"fileMetaData":{"size":36,"lastModifiedTime":1748481522640}},{"hashValue":"bd12b9faeda5f75cbbc6b7014ea0909c","name":"main_pages.json","path":"D:\\2025\\harmonyExperiment\\finalReport2\\entry\\.preview\\default\\intermediates\\res\\default\\resources\\base\\profile\\main_pages.json","type":"file","isSymbolicLink":false,"fileMetaData":{"size":37,"lastModifiedTime":1748484616298}}]}]}]},{"hashValue":"a8a5bb8db336c586c08b4a26afa5ed8e","name":"resources.index","path":"D:\\2025\\harmonyExperiment\\finalReport2\\entry\\.preview\\default\\intermediates\\res\\default\\resources.index","type":"file","isSymbolicLink":false,"fileMetaData":{"size":1639,"lastModifiedTime":1748484616258}},{"hashValue":"0f199a5c346517c3608b0f82e71dfec5","name":"ResourceTable.txt","path":"D:\\2025\\harmonyExperiment\\finalReport2\\entry\\.preview\\default\\intermediates\\res\\default\\ResourceTable.txt","type":"file","isSymbolicLink":false,"fileMetaData":{"size":409,"lastModifiedTime":1748484616260}}]},"D:\\2025\\harmonyExperiment\\finalReport2\\entry\\.preview\\default\\generated\\r\\default":{"hashValue":"9df89e439bc1916e5b56712ebe8cccde","name":"default","path":"D:\\2025\\harmonyExperiment\\finalReport2\\entry\\.preview\\default\\generated\\r\\default","type":"directory","isSymbolicLink":false,"children":[{"hashValue":"916c1d1c680128c1477cfcbbae5b59d4","name":"ResourceTable.h","path":"D:\\2025\\harmonyExperiment\\finalReport2\\entry\\.preview\\default\\generated\\r\\default\\ResourceTable.h","type":"file","isSymbolicLink":false,"fileMetaData":{"size":1353,"lastModifiedTime":1748484616260}}]},"D:\\2025\\harmonyExperiment\\finalReport2\\entry\\src\\main\\resources\\base\\profile":{"hashValue":"1f0e126de8959e69d4f6306cdda65caa","name":"profile","path":"D:\\2025\\harmonyExperiment\\finalReport2\\entry\\src\\main\\resources\\base\\profile","type":"directory","isSymbolicLink":false,"children":[{"hashValue":"6e316c0750fb96fd24d0d68aba6810b0","name":"backup_config.json","path":"D:\\2025\\harmonyExperiment\\finalReport2\\entry\\src\\main\\resources\\base\\profile\\backup_config.json","type":"file","isSymbolicLink":false,"fileMetaData":{"size":36,"lastModifiedTime":1748481522640}},{"hashValue":"f3702a4cc0a6421d88e2e0a72f3b66e6","name":"main_pages.json","path":"D:\\2025\\harmonyExperiment\\finalReport2\\entry\\src\\main\\resources\\base\\profile\\main_pages.json","type":"file","isSymbolicLink":false,"fileMetaData":{"size":54,"lastModifiedTime":1748483995872}}]},"D:\\2025\\harmonyExperiment\\finalReport2\\entry\\.preview\\default\\intermediates\\res\\default\\resources\\base\\profile":{"hashValue":"02012e881e793e6ab3c49b317a48b906","name":"profile","path":"D:\\2025\\harmonyExperiment\\finalReport2\\entry\\.preview\\default\\intermediates\\res\\default\\resources\\base\\profile","type":"directory","isSymbolicLink":false,"children":[{"hashValue":"6e316c0750fb96fd24d0d68aba6810b0","name":"backup_config.json","path":"D:\\2025\\harmonyExperiment\\finalReport2\\entry\\.preview\\default\\intermediates\\res\\default\\resources\\base\\profile\\backup_config.json","type":"file","isSymbolicLink":false,"fileMetaData":{"size":36,"lastModifiedTime":1748481522640}},{"hashValue":"bd12b9faeda5f75cbbc6b7014ea0909c","name":"main_pages.json","path":"D:\\2025\\harmonyExperiment\\finalReport2\\entry\\.preview\\default\\intermediates\\res\\default\\resources\\base\\profile\\main_pages.json","type":"file","isSymbolicLink":false,"fileMetaData":{"size":37,"lastModifiedTime":1748484616298}}]},"D:\\2025\\harmonyExperiment\\finalReport2\\entry\\.preview\\default\\intermediates\\res\\default\\module.json":{"hashValue":"d9583f4e4d115978fc2e1bde995b8f37","name":"module.json","path":"D:\\2025\\harmonyExperiment\\finalReport2\\entry\\.preview\\default\\intermediates\\res\\default\\module.json","type":"file","isSymbolicLink":false,"fileMetaData":{"size":1308,"lastModifiedTime":1748484616344}},"D:\\2025\\harmonyExperiment\\finalReport2\\entry\\.preview\\default\\intermediates\\res\\default\\resources\\base\\profile\\main_pages.json":{"hashValue":"bd12b9faeda5f75cbbc6b7014ea0909c","name":"main_pages.json","path":"D:\\2025\\harmonyExperiment\\finalReport2\\entry\\.preview\\default\\intermediates\\res\\default\\resources\\base\\profile\\main_pages.json","type":"file","isSymbolicLink":false,"fileMetaData":{"size":37,"lastModifiedTime":1748484616298}},"D:\\2025\\harmonyExperiment\\finalReport2\\entry\\.preview\\default\\intermediates\\loader\\default":{"hashValue":"155221663027908e28b0398b9f8a71e4","name":"default","path":"D:\\2025\\harmonyExperiment\\finalReport2\\entry\\.preview\\default\\intermediates\\loader\\default","type":"directory","isSymbolicLink":false,"children":[{"hashValue":"40cb1b40b5188807c3248933117dfb8e","name":"loader.json","path":"D:\\2025\\harmonyExperiment\\finalReport2\\entry\\.preview\\default\\intermediates\\loader\\default\\loader.json","type":"file","isSymbolicLink":false,"fileMetaData":{"size":859,"lastModifiedTime":1748483935881}},{"hashValue":"69afc298bd9e0e8f7a697122a53b3c35","name":"pkgContextInfo.json","path":"D:\\2025\\harmonyExperiment\\finalReport2\\entry\\.preview\\default\\intermediates\\loader\\default\\pkgContextInfo.json","type":"file","isSymbolicLink":false,"fileMetaData":{"size":444,"lastModifiedTime":1748483401563}}]},"D:\\2025\\harmonyExperiment\\finalReport2\\entry\\.preview\\default\\intermediates\\res\\default\\ResourceTable.txt":{"hashValue":"0f199a5c346517c3608b0f82e71dfec5","name":"ResourceTable.txt","path":"D:\\2025\\harmonyExperiment\\finalReport2\\entry\\.preview\\default\\intermediates\\res\\default\\ResourceTable.txt","type":"file","isSymbolicLink":false,"fileMetaData":{"size":409,"lastModifiedTime":1748484616260}},"D:\\2025\\harmonyExperiment\\finalReport2\\entry\\src\\main\\ets":{"hashValue":"0269bc05b828e9108e612044ac278094","name":"ets","path":"D:\\2025\\harmonyExperiment\\finalReport2\\entry\\src\\main\\ets","type":"directory","isSymbolicLink":false,"children":[{"hashValue":"624e6067406e3b9460a625a07ba56e1b","name":"entryability","path":"D:\\2025\\harmonyExperiment\\finalReport2\\entry\\src\\main\\ets\\entryability","type":"directory","isSymbolicLink":false,"children":[{"hashValue":"e36300d3de1319c8968ee46d3c27b400","name":"EntryAbility.ets","path":"D:\\2025\\harmonyExperiment\\finalReport2\\entry\\src\\main\\ets\\entryability\\EntryAbility.ets","type":"file","isSymbolicLink":false,"fileMetaData":{"size":1623,"lastModifiedTime":1748484556342}}]},{"hashValue":"74dc2c57defd97951aa66dd96f1faed0","name":"entrybackupability","path":"D:\\2025\\harmonyExperiment\\finalReport2\\entry\\src\\main\\ets\\entrybackupability","type":"directory","isSymbolicLink":false,"children":[{"hashValue":"97d42a048bb7fb20bf18efd52780c692","name":"EntryBackupAbility.ets","path":"D:\\2025\\harmonyExperiment\\finalReport2\\entry\\src\\main\\ets\\entrybackupability\\EntryBackupAbility.ets","type":"file","isSymbolicLink":false,"fileMetaData":{"size":522,"lastModifiedTime":1748481531937}}]},{"hashValue":"9f010735aa158522baf459c5370454a4","name":"model","path":"D:\\2025\\harmonyExperiment\\finalReport2\\entry\\src\\main\\ets\\model","type":"directory","isSymbolicLink":false,"children":[{"hashValue":"dd5cbda958afed1b8a9e841902eec796","name":"UserData.ets","path":"D:\\2025\\harmonyExperiment\\finalReport2\\entry\\src\\main\\ets\\model\\UserData.ets","type":"file","isSymbolicLink":false,"fileMetaData":{"size":0,"lastModifiedTime":1748481697185}}]},{"hashValue":"51a51167ab438bd17007b32957f9c691","name":"pages","path":"D:\\2025\\harmonyExperiment\\finalReport2\\entry\\src\\main\\ets\\pages","type":"directory","isSymbolicLink":false,"children":[{"hashValue":"eae010486a23afe3b7da7b915de0d9d0","name":"Home.ets","path":"D:\\2025\\harmonyExperiment\\finalReport2\\entry\\src\\main\\ets\\pages\\Home.ets","type":"file","isSymbolicLink":false,"fileMetaData":{"size":293,"lastModifiedTime":1748482921007}},{"hashValue":"08a2abbaa911227814882e83fd014400","name":"Login.ets","path":"D:\\2025\\harmonyExperiment\\finalReport2\\entry\\src\\main\\ets\\pages\\Login.ets","type":"file","isSymbolicLink":false,"fileMetaData":{"size":1467,"lastModifiedTime":1748483071422}}]},{"hashValue":"45ccd5164e471e7cd64029376bb1ae93","name":"router","path":"D:\\2025\\harmonyExperiment\\finalReport2\\entry\\src\\main\\ets\\router","type":"directory","isSymbolicLink":false,"children":[{"hashValue":"d8a4373010d0d3dbf4698807869dba39","name":"Router.ets","path":"D:\\2025\\harmonyExperiment\\finalReport2\\entry\\src\\main\\ets\\router\\Router.ets","type":"file","isSymbolicLink":false,"fileMetaData":{"size":470,"lastModifiedTime":1748484411759}}]}]},"D:\\2025\\harmonyExperiment\\finalReport2\\entry\\.preview\\default\\intermediates\\loader_out\\default\\ets":{"hashValue":"","name":"emptyroot","path":"","type":"unknown","isSymbolicLink":false,"children":[]}}