{
  "entry|entry|1.0.0|src/main/ets/entryability/EntryAbility.ts": {
    "version": 3,
    "file": "EntryAbility.ets",
    "sourceRoot": "",
    "sources": [
      "entry/src/main/ets/entryability/EntryAbility.ets"
    ],
    "names": [],
    "mappings": ";;;;;;AAIA,MAAM,MAAM,GAAG,MAAM,CAAC;AAEtB,MAAM,CAAC,OAAO,OAAO,YAAa,SAAQ,SAAS;IACjD,QAAQ,CAAC,IAAI,EAAE,IAAI,EAAE,WAAW,EAAE,eAAe,CAAC,WAAW,GAAG,IAAI;QAClE,IAAI,CAAC,OAAO,CAAC,qBAAqB,EAAE,CAAC,YAAY,CAAC,qBAAqB,CAAC,SAAS,CAAC,kBAAkB,CAAC,CAAC;QACtG,KAAK,CAAC,IAAI,CAAC,MAAM,EAAE,SAAS,EAAE,YAAY,EAAE,kBAAkB,CAAC,CAAC;IAClE,CAAC;IAED,SAAS,IAAI,IAAI;QACf,KAAK,CAAC,IAAI,CAAC,MAAM,EAAE,SAAS,EAAE,YAAY,EAAE,mBAAmB,CAAC,CAAC;IACnE,CAAC;IAED,mBAAmB,CAAC,WAAW,EAAE,MAAM,CAAC,WAAW,GAAG,IAAI;QACxD,yDAAyD;QACzD,KAAK,CAAC,IAAI,CAAC,MAAM,EAAE,SAAS,EAAE,YAAY,EAAE,6BAA6B,CAAC,CAAC;QAE3E,WAAW,CAAC,WAAW,CAAC,aAAa,EAAE,CAAC,GAAG,EAAE,EAAE;YAC7C,IAAI,GAAG,CAAC,IAAI,EAAE;gBACZ,KAAK,CAAC,KAAK,CAAC,MAAM,EAAE,SAAS,EAAE,+CAA+C,EAAE,IAAI,CAAC,SAAS,CAAC,GAAG,CAAC,CAAC,CAAC;gBACrG,OAAO;aACR;YACD,KAAK,CAAC,IAAI,CAAC,MAAM,EAAE,SAAS,EAAE,mCAAmC,CAAC,CAAC;QACrE,CAAC,CAAC,CAAC;IACL,CAAC;IAED,oBAAoB,IAAI,IAAI;QAC1B,yDAAyD;QACzD,KAAK,CAAC,IAAI,CAAC,MAAM,EAAE,SAAS,EAAE,YAAY,EAAE,8BAA8B,CAAC,CAAC;IAC9E,CAAC;IAED,YAAY,IAAI,IAAI;QAClB,oCAAoC;QACpC,KAAK,CAAC,IAAI,CAAC,MAAM,EAAE,SAAS,EAAE,YAAY,EAAE,sBAAsB,CAAC,CAAC;IACtE,CAAC;IAED,YAAY,IAAI,IAAI;QAClB,iCAAiC;QACjC,KAAK,CAAC,IAAI,CAAC,MAAM,EAAE,SAAS,EAAE,YAAY,EAAE,sBAAsB,CAAC,CAAC;IACtE,CAAC;CACF",
    "entry-package-info": "entry|1.0.0"
  },
  "entry|entry|1.0.0|src/main/ets/pages/Home.ts": {
    "version": 3,
    "file": "Home.ets",
    "sourceRoot": "",
    "sources": [
      "entry/src/main/ets/pages/Home.ets"
    ],
    "names": [],
    "mappings": ";;;;;AAGA,MAAM,OAAQ,QAAQ;IAFtB;;;;;;;KADA;;;;;;;;;;;IAIE;;YACE,MAAM;;YAAN,MAAM,CAKL,KAAK,CAAC,MAAM;YALb,MAAM,CAML,MAAM,CAAC,MAAM;;;YALZ,IAAI,QAAC,UAAU;;YAAf,IAAI,CACD,QAAQ,CAAC,EAAE;YADd,IAAI,CAED,MAAM,CAAC,EAAE,GAAG,EAAE,GAAG,EAAE;;QAFtB,IAAI;QADN,MAAM;KAOP",
    "entry-package-info": "entry|1.0.0"
  },
  "entry|entry|1.0.0|src/main/ets/pages/Login.ts": {
    "version": 3,
    "file": "Login.ets",
    "sourceRoot": "",
    "sources": [
      "entry/src/main/ets/pages/Login.ets"
    ],
    "names": [],
    "mappings": ";;;;IAKS,QAAQ,GAAE,MAAM;IAChB,QAAQ,GAAE,MAAM;;OANlB,MAAM;AAIb,MAAM,OAAQ,SAAS;IAFvB;;;;;uDAG4B,EAAE;uDACF,EAAE;;;KANI;;;;;;;;;;;;;;;;;;;;;IAKhC,6CAAiB,MAAM,EAAM;QAAtB,QAAQ;;;QAAR,QAAQ,WAAE,MAAM;;;IACvB,6CAAiB,MAAM,EAAM;QAAtB,QAAQ;;;QAAR,QAAQ,WAAE,MAAM;;;IAEvB;;YACE,MAAM;;YAAN,MAAM,CA2CL,KAAK,CAAC,MAAM;YA3Cb,MAAM,CA4CL,MAAM,CAAC,MAAM;YA5Cd,MAAM,CA6CL,eAAe,iHAAqB,WAAW,CAAC,QAAQ;YA7CzD,MAAM,CA8CL,mBAAmB,CAAC,SAAS,CAAC,KAAK;;;YA7ClC,SAAS;YACT,KAAK;;YADL,SAAS;YACT,KAAK,CACF,KAAK,CAAC,GAAG;YAFZ,SAAS;YACT,KAAK,CAEF,MAAM,CAAC,GAAG;YAHb,SAAS;YACT,KAAK,CAGF,MAAM,CAAC,EAAE,GAAG,EAAE,EAAE,EAAE;;;YAErB,OAAO;YACP,SAAS,QAAC,EAAE,WAAW,EAAE,QAAQ,EAAE;;YADnC,OAAO;YACP,SAAS,CACN,KAAK,CAAC,KAAK;YAFd,OAAO;YACP,SAAS,CAEN,MAAM,CAAC,EAAE;YAHZ,OAAO;YACP,SAAS,CAGN,MAAM,CAAC,EAAE,GAAG,EAAE,EAAE,EAAE;YAJrB,OAAO;YACP,SAAS,CAIN,QAAQ,CAAC,CAAC,KAAK,EAAE,MAAM,EAAE,EAAE;gBAC1B,IAAI,CAAC,QAAQ,GAAG,KAAK,CAAC;YACxB,CAAC;;;YAEH,SAAS,QAAC,EAAE,WAAW,EAAE,OAAO,EAAE;;YAAlC,SAAS,CACN,KAAK,CAAC,KAAK;YADd,SAAS,CAEN,MAAM,CAAC,EAAE;YAFZ,SAAS,CAGN,MAAM,CAAC,EAAE,GAAG,EAAE,EAAE,EAAE;YAHrB,SAAS,CAIN,IAAI,CAAC,SAAS,CAAC,QAAQ;YAJ1B,SAAS,CAKN,QAAQ,CAAC,CAAC,KAAK,EAAE,MAAM,EAAE,EAAE;gBAC1B,IAAI,CAAC,QAAQ,GAAG,KAAK,CAAC;YACxB,CAAC;;;YAEH,OAAO;YACP,MAAM,iBAAC,KAAK;;YADZ,OAAO;YACP,MAAM,CACH,KAAK,CAAC,KAAK;YAFd,OAAO;YACP,MAAM,CAEH,MAAM,CAAC,EAAE;YAHZ,OAAO;YACP,MAAM,CAGH,MAAM,CAAC,EAAE,GAAG,EAAE,EAAE,EAAE;YAJrB,OAAO;YACP,MAAM,CAIH,eAAe,CAAC,SAAS;YAL5B,OAAO;YACP,MAAM,CAKH,OAAO,CAAC,GAAG,EAAE;gBACZ,IAAI,IAAI,CAAC,QAAQ,IAAI,IAAI,CAAC,QAAQ,EAAE;oBAClC,SAAS;oBACT,wCAAwC;oBACxC,MAAM,CAAC,OAAO,CAAC;wBACb,GAAG,EAAE,YAAY;wBACjB,MAAM,EAAE,EAAE,QAAQ,EAAE,IAAI,CAAC,QAAQ,EAAE,CAAE,QAAQ;qBAC9C,CAAC,CAAC;iBAEJ;YACH,CAAC;;QAhBH,OAAO;QACP,MAAM;QA1BR,MAAM;KA+CP",
    "entry-package-info": "entry|1.0.0"
  }
}