[{"time":"2025-05-29T02:00:08.501Z","category":"etsTransform","level":"warn","msg":"\u001b[33mArkTS:WARN File: D:/2025/harmonyExperiment/finalReport2/entry/src/main/ets/pages/Home.ets:2:1\n It's not a recommended way to export struct with @Entry decorator, which may cause ACE Engine error in component preview mode.","type":"plugin_log","fileId":"D:/2025/harmonyExperiment/finalReport2/entry/src/main/ets/pages/Home.ets"},{"time":"2025-05-29T02:00:08.564Z","category":"etsTransform","level":"warn","msg":"\u001b[33mArkTS:WARN File: D:/2025/harmonyExperiment/finalReport2/entry/src/main/ets/pages/Login.ets:3:1\n It's not a recommended way to export struct with @Entry decorator, which may cause ACE Engine error in component preview mode.","type":"plugin_log","fileId":"D:/2025/harmonyExperiment/finalReport2/entry/src/main/ets/pages/Login.ets"}]